id;start_date;end_date;language
1;2024-05-15T07:17:04;2024-05-15T03:25:20;FRENCH
2;2024-05-15T07:56:38;2024-05-14T19:33:10;ENGLISH
3;2024-05-15T08:40:19;2024-05-15T09:06:12;ENGLISH
4;2024-05-15T11:27:04;2024-05-15T11:20:11;FRENCH
5;2024-05-15T04:20:41;2024-05-15T00:54:42;SPANISH
6;2024-05-14T17:12:37;2024-05-14T23:00:49;ENGLISH
7;2024-05-14T17:10:04;2024-05-15T11:26:59;ENGLISH
8;2024-05-14T17:33:07;2024-05-14T19:22:09;SPANISH
9;2024-05-15T00:27:38;2024-05-14T22:12:35;FRENCH
10;2024-05-14T21:51:38;2024-05-14T14:36:51;FRENCH
